,year,income
0,2020,41288.69409441762
1,2022,42945.624244862935
2,2024,44602.554395308485
3,2026,46259.4845457538
4,2028,47916.414696199354
5,2030,49573.34484664467
